index,time
1,0.0002753734588623047
2,0.0001919269561767578
3,0.0001373291015625
4,0.00014901161193847656
5,0.00013113021850585938
6,0.00013208389282226562
7,0.00016379356384277344
8,0.0001595020294189453
9,0.0001266002655029297
10,0.00012731552124023438
